{
	"credit": "Made with Blockbench",
	"ambientocclusion": false,
	"textures": {
		"0": "block/ladder",
		"particle": "block/blank"
	},
	"elements": [
		{
			"from": [13, 0, 14],
			"to": [15, 16, 16],
			"rotation": {"angle": 0, "axis": "y", "origin": [0, 0, 16]},
			"faces": {
				"north": {"uv": [4, 0, 2, 16], "texture": "#0"},
				"east": {"uv": [4, 0, 2, 16], "texture": "#0"},
				"south": {"uv": [4, 0, 2, 16], "texture": "#0"},
				"west": {"uv": [4, 0, 2, 16], "texture": "#0"},
				"up": {"uv": [2, 3, 4, 1], "texture": "#0"},
				"down": {"uv": [2, 15, 4, 13], "texture": "#0"}
			}
		},
		{
			"from": [1, 0, 14],
			"to": [3, 16, 16],
			"rotation": {"angle": 0, "axis": "y", "origin": [0, 0, 16]},
			"faces": {
				"north": {"uv": [14, 0, 12, 16], "texture": "#0"},
				"east": {"uv": [14, 0, 12, 16], "texture": "#0"},
				"south": {"uv": [14, 0, 12, 16], "texture": "#0"},
				"west": {"uv": [14, 0, 12, 16], "texture": "#0"},
				"up": {"uv": [12, 3, 14, 1], "texture": "#0"},
				"down": {"uv": [12, 15, 14, 13], "texture": "#0"}
			}
		},
		{
			"from": [0, 13, 14.5],
			"to": [16, 15, 15.5],
			"rotation": {"angle": 0, "axis": "y", "origin": [0, 0, 16]},
			"faces": {
				"north": {"uv": [15, 1, 1, 3], "texture": "#0"},
				"east": {"uv": [15, 1, 14, 3], "texture": "#0"},
				"south": {"uv": [15, 1, 1, 3], "texture": "#0"},
				"west": {"uv": [2, 1, 1, 3], "texture": "#0"},
				"up": {"uv": [1, 2, 15, 1], "texture": "#0"},
				"down": {"uv": [1, 3, 15, 2], "texture": "#0"}
			}
		},
		{
			"from": [0, 9, 14.5],
			"to": [16, 11, 15.5],
			"rotation": {"angle": 0, "axis": "y", "origin": [0, 0, 16]},
			"faces": {
				"north": {"uv": [15, 5, 1, 7], "texture": "#0"},
				"east": {"uv": [15, 5, 14, 7], "texture": "#0"},
				"south": {"uv": [15, 5, 1, 7], "texture": "#0"},
				"west": {"uv": [2, 5, 1, 7], "texture": "#0"},
				"up": {"uv": [1, 6, 15, 5], "texture": "#0"},
				"down": {"uv": [1, 7, 15, 6], "texture": "#0"}
			}
		},
		{
			"from": [0, 5, 14.5],
			"to": [16, 7, 15.5],
			"rotation": {"angle": 0, "axis": "y", "origin": [0, 0, 16]},
			"faces": {
				"north": {"uv": [15, 9, 1, 11], "texture": "#0"},
				"east": {"uv": [15, 9, 14, 11], "texture": "#0"},
				"south": {"uv": [15, 9, 1, 11], "texture": "#0"},
				"west": {"uv": [2, 9, 1, 11], "texture": "#0"},
				"up": {"uv": [1, 2, 15, 1], "texture": "#0"},
				"down": {"uv": [1, 11, 15, 10], "texture": "#0"}
			}
		},
		{
			"from": [0, 1, 14.5],
			"to": [16, 3, 15.5],
			"rotation": {"angle": 0, "axis": "y", "origin": [0, 0, 16]},
			"faces": {
				"north": {"uv": [15, 13, 1, 15], "texture": "#0"},
				"east": {"uv": [15, 13, 14, 15], "texture": "#0"},
				"south": {"uv": [15, 13, 1, 15], "texture": "#0"},
				"west": {"uv": [2, 13, 1, 15], "texture": "#0"},
				"up": {"uv": [1, 14, 15, 13], "texture": "#0"},
				"down": {"uv": [1, 15, 15, 14], "texture": "#0"}
			}
		}
	]
}